Mobile Number,member_id,loan_amnt,funded_amnt,funded_amnt_inv,term,int_rate,installment,grade,sub_grade,Credit Score,Average Score
8949676056,1296599,5000,5000,4975,36 months,10.65%,162.87,B,B2,659,530
8022092125,1314167,2500,2500,2500,60 months,15.27%,59.83,C,C4,692,609
9788705081,1313524,2400,2400,2400,36 months,15.96%,84.33,C,C5,850,514
8648635773,1277178,10000,10000,10000,36 months,13.49%,339.31,C,C1,417,663
9438021953,1311748,3000,3000,3000,60 months,12.69%,67.79,B,B5,532,653
9175708551,1311441,5000,5000,5000,36 months,7.90%,156.46,A,A4,666,559
9305924882,1304742,7000,7000,7000,60 months,15.96%,170.08,C,C5,614,634
9874943959,1288686,3000,3000,3000,36 months,18.64%,109.43,E,E1,656,727
8007841272,1306957,5600,5600,5600,60 months,21.28%,152.39,F,F2,534,692
9882810517,1306721,5375,5375,5350,60 months,12.69%,121.45,B,B5,839,607
9781934807,1305201,6500,6500,6500,60 months,14.65%,153.45,C,C3,401,583
8366462291,1305008,12000,12000,12000,36 months,12.69%,402.54,B,B5,518,635
8260527639,1298717,9000,9000,9000,36 months,13.49%,305.38,C,C1,405,666
9873678657,1304956,3000,3000,3000,36 months,9.91%,96.68,B,B1,619,621
9468460031,1303503,10000,10000,10000,36 months,10.65%,325.74,B,B2,821,503
8890644222,1304871,1000,1000,1000,36 months,16.29%,35.31,D,D1,881,563
8708609784,1299699,10000,10000,10000,36 months,15.27%,347.98,C,C4,698,682
9475546260,1304884,3600,3600,3600,36 months,6.03%,109.57,A,A1,491,620
9511666469,1294539,6000,6000,6000,36 months,11.71%,198.46,B,B3,557,680
9628964088,1304855,9200,9200,9200,36 months,6.03%,280.01,A,A1,604,625
8506619896,1284848,20250,20250,19142.16108,60 months,15.27%,484.63,C,C4,679,604
8655610406,1269083,21000,21000,21000,36 months,12.42%,701.73,B,B4,477,571
9770670186,1304821,10000,10000,10000,36 months,11.71%,330.76,B,B3,651,623
8187437650,1304810,10000,10000,10000,36 months,11.71%,330.76,B,B3,657,589
8030312369,1304634,6000,6000,6000,36 months,11.71%,198.46,B,B3,835,694
9705938455,1273773,15000,15000,15000,36 months,9.91%,483.38,B,B1,467,650
8309371527,1304679,15000,15000,8725,36 months,14.27%,514.64,C,C2,663,510
8552488024,1304764,5000,5000,5000,60 months,16.77%,123.65,D,D2,665,655
8472950977,1304678,4000,4000,4000,36 months,11.71%,132.31,B,B3,404,538
8955962374,1278806,8500,8500,8500,36 months,11.71%,281.15,B,B3,542,590
9304964943,1261745,4375,4375,4375,36 months,7.51%,136.11,A,A3,633,543
9032512844,1304608,31825,31825,31825,36 months,7.90%,995.82,A,A4,720,553
8573861018,1299514,10000,10000,9975,60 months,15.96%,242.97,C,C5,695,598
8788770660,1304289,5000,5000,5000,36 months,8.90%,158.77,A,A5,664,642
7987843071,1291365,7000,7000,7000,36 months,15.96%,245.97,C,C5,544,544
9460866515,1304589,12400,12400,12400,36 months,10.65%,403.91,B,B2,649,614
8991270863,1304255,10800,10800,10800,36 months,9.91%,348.03,B,B1,889,522
9569242294,1304251,15000,15000,15000,36 months,7.90%,469.36,A,A4,475,683
9645329498,1304250,6000,6000,6000,36 months,12.42%,200.5,B,B4,743,627
8603614207,1304237,12500,12500,12475,60 months,12.69%,282.44,B,B5,425,635
8435767060,1301955,9600,9600,9600,36 months,7.51%,298.67,A,A3,543,493
8460140011,1304567,12000,12000,12000,36 months,7.90%,375.49,A,A4,859,638
9682080221,1304202,3000,3000,3000,36 months,18.25%,108.84,D,D5,670,645
8761694356,1292332,4400,4400,4400,36 months,16.77%,156.37,D,D2,831,620
9107783356,1304526,6000,6000,6000,36 months,6.03%,182.62,A,A1,424,732
9310639647,1282787,14000,14000,14000,36 months,9.91%,451.15,B,B1,508,564
7986546054,1304521,5000,5000,5000,36 months,8.90%,158.77,A,A5,459,535
8005096151,1304166,10000,10000,10000,36 months,10.65%,325.74,B,B2,642,565
7900249965,1304171,10000,10000,10000,36 months,6.03%,304.36,A,A1,435,575
8086575312,1303701,11000,11000,11000,36 months,6.62%,337.75,A,A2,418,617
8378183818,1304123,15000,15000,15000,36 months,9.91%,483.38,B,B1,620,466
8789043820,1302485,25600,25600,25350,36 months,9.91%,824.96,B,B1,526,644
9521612442,1304117,7000,7000,7000,36 months,10.65%,228.02,B,B2,630,689
9488975692,1304116,12000,12000,12000,36 months,15.96%,421.65,C,C5,851,669
9710654745,1303909,12000,12000,12000,36 months,9.91%,386.7,B,B1,459,542
9151604748,1303652,21000,21000,20975,60 months,19.91%,555.33,E,E4,590,679
9877637900,1302790,16000,16000,15950,60 months,19.91%,423.11,E,E4,580,571
8036486114,1302882,10000,10000,10000,36 months,12.42%,334.16,B,B4,374,628
8041555021,1274517,10000,10000,10000,36 months,10.65%,325.74,B,B2,399,573
8893604800,1287308,7100,7100,7100,36 months,16.77%,252.33,D,D2,689,669
9377658241,1287810,13000,13000,13000,60 months,12.69%,293.74,B,B5,469,566
9060337924,1277395,17500,8950,8925,60 months,17.27%,223.74,D,D3,343,680
9177658242,1278095,17675,17675,17675,60 months,14.65%,417.25,C,C3,329,625
8859865995,1303549,8000,8000,8000,36 months,16.77%,284.31,D,D2,541,644
8915140926,1303778,10000,10000,9975,60 months,10.65%,215.69,B,B2,845,610
8694489644,1303750,3500,3500,3500,36 months,10.65%,114.01,B,B2,566,485
8720001327,1303740,12500,8925,8925,60 months,17.27%,223.11,D,D3,716,610
9220403200,1303473,16425,16425,16425,36 months,14.27%,563.53,C,C2,473,665
8273140425,1303528,8200,8200,8200,60 months,21.28%,223.14,F,F2,408,587
8318477188,1303718,15000,15000,15000,36 months,14.65%,517.42,C,C3,885,454
8557350530,1303486,20975,13575,13550,60 months,17.58%,341.63,D,D4,720,552
7989725758,1292558,6400,6400,6400,36 months,16.77%,227.45,D,D2,516,593
9415740068,1303716,3000,3000,3000,36 months,13.49%,101.8,C,C1,556,632
9281802879,1299004,12000,12000,12000,36 months,16.77%,426.47,D,D2,694,569
9100780418,1303514,14400,14400,14400,36 months,8.90%,457.25,A,A5,706,493
9470066149,1303303,12000,12000,12000,36 months,14.65%,413.94,C,C3,735,614
8341013477,1303482,11000,11000,11000,36 months,13.49%,373.24,C,C1,879,499
7945202157,1302799,7250,7200,7175,60 months,21.67%,197.51,F,F3,816,539
8697188106,1303437,15000,15000,15000,36 months,7.90%,469.36,A,A4,402,750
9796327885,1279714,18000,18000,18000,60 months,19.91%,475.99,E,E4,378,666
8573021564,1303432,35000,22075,22050,60 months,17.27%,551.84,D,D3,741,564
9056158979,1302869,10000,10000,10000,36 months,14.27%,343.09,C,C2,411,613
9705035259,1282013,11800,11800,11800,36 months,12.69%,395.83,B,B5,787,470
8281738596,1303403,4500,4500,4500,36 months,6.03%,136.96,A,A1,757,630
8586575168,1303379,7000,7000,7000,36 months,12.69%,234.82,B,B5,451,640
9020663702,1276120,9200,9200,9200,36 months,12.42%,307.43,B,B4,753,611
8104374925,1297940,14000,14000,13975,60 months,17.27%,349.98,D,D3,783,578
8495070161,1272024,4500,4500,4475,60 months,10.65%,97.06,B,B2,778,582
8976505880,1303326,12000,12000,12000,36 months,16.29%,423.61,D,D1,470,590
7910340089,1303200,12000,12000,12000,36 months,13.49%,407.17,C,C1,849,674
8575323879,1303163,12000,12000,12000,36 months,10.65%,390.88,B,B2,441,670
8369820555,1302938,7000,7000,7000,36 months,10.65%,228.02,B,B2,805,554
8477535922,1299785,8200,8200,8200,60 months,19.42%,214.62,E,E3,778,695
8835047672,1303150,10500,10500,10500,36 months,12.69%,352.23,B,B5,313,611
8362201580,1303147,7000,7000,7000,36 months,11.71%,231.54,B,B3,385,573
8083161822,1303001,15300,15300,15275,60 months,22.06%,423.1,F,F4,489,601
8308879198,1280928,20000,12800,12775,60 months,11.71%,282.86,B,B3,851,594
9535750846,1303143,17500,17500,17500,60 months,17.27%,437.47,D,D3,800,649
8989703460,1302971,3500,3500,3500,36 months,6.03%,106.53,A,A1,799,585
9574227947,1302235,6000,6000,6000,60 months,12.69%,135.57,B,B5,337,551
8497803620,1302907,6200,6200,6200,36 months,9.91%,199.8,B,B1,711,668
8742106194,1264291,16000,16000,16000,60 months,17.58%,402.65,D,D4,359,569
8613603868,1302906,6000,6000,6000,36 months,8.90%,190.52,A,A5,778,637
9888691072,1300833,7200,7200,7200,36 months,9.91%,232.02,B,B1,794,612
9308980603,1302930,9500,9500,9500,36 months,8.90%,301.66,A,A5,524,643
8006699660,1302924,18825,18825,18800,60 months,16.77%,465.53,D,D2,536,705
9635457193,1302942,24000,24000,24000,36 months,10.65%,781.76,B,B2,863,481
8187087286,1300950,6000,6000,6000,36 months,13.49%,203.59,C,C1,649,451
9602730533,1302879,6000,6000,6000,36 months,13.49%,203.59,C,C1,542,643
9846798480,1302706,2100,2100,2100,36 months,12.42%,70.18,B,B4,334,698
8576213061,1302680,5500,5500,5500,36 months,6.62%,168.88,A,A2,604,686
9701739127,1302681,11000,11000,11000,36 months,6.62%,337.75,A,A2,615,620
9422694315,1302831,26800,26800,26800,60 months,20.89%,723.38,F,F1,635,667
9772782638,1277297,8000,8000,8000,36 months,12.69%,268.36,B,B5,507,534
9789108009,1302365,10000,10000,10000,36 months,18.25%,362.78,D,D5,390,632
8169384382,1287293,8000,8000,8000,36 months,11.71%,264.61,B,B3,586,690
9647922235,1293438,10000,10000,10000,36 months,8.90%,317.54,A,A5,885,635
8264335005,1302622,12000,12000,12000,36 months,11.71%,396.92,B,B3,606,738
9191856767,1302785,10000,10000,10000,36 months,7.90%,312.91,A,A4,703,557
8917117039,1302773,12000,12000,12000,36 months,9.91%,386.7,B,B1,899,577
9036646902,1302588,25000,25000,23088.16106,60 months,13.49%,575.12,C,C1,737,577
8539710307,1302360,19750,19750,19725,36 months,10.65%,643.33,B,B2,874,571
9676748915,1302430,10000,10000,10000,36 months,9.91%,322.25,B,B1,660,643
8614824595,1299748,13650,13650,13650,36 months,12.42%,456.12,B,B4,615,598
8864159843,1302564,28000,11800,11775,60 months,19.91%,312.04,E,E4,804,559
8015834568,1302728,18000,18000,18000,36 months,7.90%,563.23,A,A4,403,604
9081715626,1302565,2500,2500,2500,36 months,14.27%,85.78,C,C2,854,643
8056397475,1299784,21000,21000,20120.80657,60 months,20.30%,559.89,E,E5,412,528
8330435575,1302729,35000,35000,35000,36 months,8.90%,1111.37,A,A5,629,633
8330340388,1302549,10000,10000,10000,36 months,7.51%,311.11,A,A3,374,643
8517596760,1291305,7000,7000,7000,36 months,12.69%,234.82,B,B5,648,526
9074824435,1300572,24000,24000,24000,36 months,15.96%,843.3,C,C5,872,560
8757757002,1295780,10625,10625,10625,36 months,7.51%,330.56,A,A3,360,511
9826604787,1302311,5000,5000,5000,36 months,14.65%,172.48,C,C3,777,534
9047467204,1302299,8850,8850,8850,36 months,6.62%,271.73,A,A2,647,609
9838599427,1302295,6375,6375,6375,36 months,7.51%,198.34,A,A3,751,558
8929911583,1302467,6000,6000,6000,36 months,11.71%,198.46,B,B3,794,549
8482856064,1302472,11100,11100,11100,36 months,6.62%,340.82,A,A2,513,539
9789080815,1302044,10000,10000,10000,60 months,12.69%,225.95,B,B5,820,635
9593180039,1292431,6200,6200,6200,36 months,6.03%,188.71,A,A1,707,584
9499444315,1293317,15000,15000,15000,36 months,18.64%,547.12,E,E1,454,572
8039935864,1302453,4200,4200,4200,36 months,11.71%,138.92,B,B3,503,512
8774728667,1301537,14000,14000,14000,36 months,14.27%,480.33,C,C2,509,546
8167498075,1030901,8875,8875,8875,36 months,7.51%,276.11,A,A3,423,666
8504093012,1296092,13500,13500,13500,36 months,9.91%,435.04,B,B1,746,582
8524584066,1302450,12000,12000,12000,36 months,9.91%,386.7,B,B1,324,638
9732434563,1302449,16000,16000,15975,60 months,19.91%,423.11,E,E4,352,660
9419066128,1270159,21600,21600,20498.26578,60 months,19.42%,565.32,E,E3,805,612
8181908335,1302434,6000,6000,6000,36 months,10.65%,195.44,B,B2,529,580
9571565226,1289398,8450,8450,8425,60 months,16.77%,208.97,D,D2,396,567
9142250623,1276836,20000,20000,18590.33777,60 months,13.49%,460.1,C,C1,588,693
8774260138,1302151,10000,10000,10000,36 months,11.71%,330.76,B,B3,425,640
9802762608,1302174,12000,12000,12000,36 months,16.29%,423.61,D,D1,374,614
9351488863,1302371,13475,13475,13450,60 months,13.49%,309.99,C,C1,851,572
9038854730,1284571,7200,7200,7200,36 months,12.42%,240.59,B,B4,744,639
8988322227,1247741,5600,5600,5600,36 months,14.65%,193.17,C,C3,328,680
8359894130,1298688,12000,12000,11975,36 months,14.27%,411.71,C,C2,757,537
8942967353,1301487,8500,8500,8500,36 months,6.03%,258.71,A,A1,411,749
9667573120,1302322,8000,8000,8000,36 months,9.91%,257.8,B,B1,705,661
9793901528,1289083,8000,8000,8000,36 months,12.42%,267.33,B,B4,401,764
8257000794,1301868,16000,16000,8150,60 months,15.27%,382.92,C,C4,393,611
9233181682,1294027,15000,15000,15000,36 months,17.27%,536.81,D,D3,402,626
8386257281,1301839,10000,10000,10000,36 months,9.91%,322.25,B,B1,397,611
9667234256,1291030,10000,10000,10000,36 months,6.62%,307.04,A,A2,891,718
8683412314,1294481,8000,8000,8000,36 months,14.65%,275.96,C,C3,861,576
8551032924,1302055,22000,22000,22000,36 months,9.91%,708.95,B,B1,767,624
9353560134,1301833,6000,6000,6000,36 months,14.27%,205.86,C,C2,313,720
9599386972,1302043,16000,16000,15975,60 months,9.91%,339.25,B,B1,468,533
9490033344,1302032,2500,2500,2500,36 months,7.51%,77.78,A,A3,710,608
8376890941,1294350,13500,13500,13500,36 months,9.91%,435.04,B,B1,819,593
8576967710,1301822,25000,25000,25000,36 months,12.42%,835.39,B,B4,514,567
9454433581,1301804,10000,10000,10000,36 months,13.49%,339.31,C,C1,733,595
8715489441,1301984,2500,2500,2500,36 months,13.49%,84.83,C,C1,324,429
8388177312,1301961,7325,7325,7325,36 months,12.69%,245.72,B,B5,651,592
9397869063,1301944,4000,4000,4000,36 months,12.42%,133.67,B,B4,882,632
8894654052,1301744,10000,10000,10000,36 months,13.49%,339.31,C,C1,421,643
9493188056,1301933,7750,7750,7750,36 months,17.27%,277.36,D,D3,480,734
8488972270,1294536,20000,20000,20000,60 months,20.89%,539.84,F,F1,829,685
9214357436,1301036,9600,9600,9600,36 months,12.42%,320.79,B,B4,492,569
9120925407,1301506,21000,21000,21000,60 months,11.71%,464.07,B,B3,652,611
9480204271,1301703,14000,14000,14000,36 months,10.65%,456.03,B,B2,872,617
9082358022,1300973,13350,13350,13350,36 months,12.42%,446.1,B,B4,786,741
9347885323,1301699,15000,15000,15000,36 months,16.77%,533.08,D,D2,757,491
8545391756,1301481,15000,15000,15000,36 months,17.27%,536.81,D,D3,853,663
8106626384,1277832,11000,11000,10750,60 months,13.49%,253.06,C,C1,790,564
9668846506,1301459,35000,35000,35000,36 months,10.65%,1140.07,B,B2,653,697
8421710185,1301465,9000,9000,9000,36 months,10.65%,293.16,B,B2,851,575
9438514836,1292842,22475,22475,22425,60 months,15.27%,537.87,C,C4,859,597
9065617546,1301632,16000,16000,16000,36 months,12.69%,536.72,B,B5,840,685
8301078829,1301658,13500,13500,13500,36 months,12.69%,452.86,B,B5,490,690
8325456911,1301436,24000,24000,24000,36 months,12.69%,805.08,B,B5,792,557
9314138179,1301654,12000,12000,12000,36 months,10.65%,390.88,B,B2,787,640
8248653094,1301634,8400,8400,8150,60 months,16.77%,207.73,D,D2,480,576
9059118833,1300826,28000,28000,27975,60 months,17.58%,704.64,D,D4,365,604
9158201410,1301392,14000,14000,14000,36 months,6.62%,429.86,A,A2,771,682
9292144268,1301405,12000,12000,12000,36 months,14.27%,411.71,C,C2,833,646
9602480282,1301397,25000,25000,25000,36 months,11.71%,826.9,B,B3,443,565
9562711384,1299445,9000,9000,9000,36 months,12.69%,301.91,B,B5,555,509
9317371757,1301395,13250,13250,13250,36 months,10.65%,431.6,B,B2,348,544
8090106090,1293509,20000,20000,20000,36 months,13.49%,678.61,C,C1,350,733
9677454240,1301384,3000,3000,3000,36 months,14.65%,103.49,C,C3,741,657
9024890178,1301585,7350,7350,7350,36 months,10.65%,239.42,B,B2,472,551
9162745343,1301365,11500,11500,11500,36 months,15.27%,400.18,C,C4,721,599
8713835976,1260676,13650,13650,13650,36 months,12.42%,456.12,B,B4,812,654
8975722206,1301027,10500,10500,10500,36 months,16.29%,370.66,D,D1,329,651
8275586210,1301536,12000,12000,11975,36 months,9.91%,386.7,B,B1,716,534
8332002904,1301534,6000,6000,6000,36 months,8.90%,190.52,A,A5,665,539
9805875064,1301527,11500,11500,11500,36 months,15.27%,400.18,C,C4,355,513
9527591194,1301115,7000,7000,7000,36 months,12.42%,233.91,B,B4,698,636
9249697820,1300906,29500,29500,28513.45925,60 months,20.30%,786.51,E,E5,600,553
8497381265,1301028,2000,2000,2000,36 months,15.27%,69.6,C,C4,514,561
8709991056,1301015,11625,11625,11625,36 months,13.49%,394.45,C,C1,368,523
8682396642,1295793,15075,15075,15075,36 months,14.27%,517.21,C,C2,520,590
8614182550,1289006,5300,5300,5300,36 months,15.27%,184.43,C,C4,657,552
8920600860,1270873,8200,8200,8200,36 months,6.62%,251.77,A,A2,716,767
8904869684,1299103,12000,12000,12000,36 months,12.42%,400.99,B,B4,639,571
8063588601,1284024,8650,8650,8650,36 months,14.27%,296.78,C,C2,787,530
8436405241,1300858,21000,11800,11500,60 months,17.27%,294.98,D,D3,762,583
8707701901,1300852,16000,16000,16000,60 months,17.27%,399.97,D,D3,791,565
9464441713,1300945,12000,12000,11975,36 months,12.42%,400.99,B,B4,843,573
7972145426,1300982,9500,9500,9500,36 months,12.69%,318.68,B,B5,669,731
8148710502,1300831,7400,7400,7400,36 months,13.49%,251.09,C,C1,716,483
9022781182,1300823,14400,14400,14400,36 months,13.49%,488.6,C,C1,371,630
8043686603,1292408,24250,18100,18075,60 months,23.91%,519.76,G,G4,310,588
8647580619,1300949,7200,7200,7200,36 months,7.90%,225.29,A,A4,859,555
8944327638,1300801,26000,26000,25975,60 months,16.77%,642.96,D,D2,503,558
9817087102,1299754,7000,7000,6975,60 months,11.71%,154.69,B,B3,751,680
8647318653,1300951,4000,4000,4000,36 months,7.51%,124.45,A,A3,686,480
8928952739,1300806,1500,1500,1500,36 months,17.27%,53.69,D,D3,766,611
8953024968,1293857,19600,19600,19600,36 months,12.42%,654.94,B,B4,505,572
8763371699,1300783,2500,2500,2500,36 months,11.71%,82.69,B,B3,845,543
9227725405,1300476,10000,10000,10000,36 months,12.69%,335.45,B,B5,601,559
8701847017,1300506,10000,10000,10000,36 months,6.62%,307.04,A,A2,472,672
9461810793,1300495,4225,4225,4225,36 months,12.42%,141.18,B,B4,514,488
8953994081,1300072,3500,3500,3500,36 months,7.90%,109.52,A,A4,408,598
8493600419,1300766,12000,12000,12000,36 months,6.62%,368.45,A,A2,580,543
7912393942,1300722,16500,16500,16500,36 months,8.90%,523.93,A,A5,571,561
9245566479,1293224,22000,22000,21975,60 months,21.67%,603.5,F,F3,497,598
8432244425,1293522,12000,12000,12000,36 months,14.65%,413.94,C,C3,795,563
9765331211,1300716,15600,15600,15600,60 months,12.69%,352.48,B,B5,801,630
8432797771,1300453,10800,10800,10800,36 months,12.42%,360.89,B,B4,846,628
9485530730,1300438,14000,14000,14000,36 months,12.42%,467.82,B,B4,864,575
8039489075,1296651,18825,18825,18800,60 months,17.58%,473.75,D,D4,302,579
8540794537,1300689,6000,6000,6000,36 months,13.49%,203.59,C,C1,396,603
8892072588,1300423,12000,12000,12000,36 months,9.91%,386.7,B,B1,688,539
8515398771,1295591,10000,10000,10000,36 months,12.42%,334.16,B,B4,488,610
8369234702,1293196,8000,8000,8000,36 months,7.90%,250.33,A,A4,496,635
8478182344,1300643,14125,14125,14125,36 months,9.91%,455.18,B,B1,319,569
8902903545,1300646,14000,14000,14000,36 months,12.69%,469.63,B,B5,544,645
8643669771,1287925,13200,8975,8975,60 months,17.27%,224.36,D,D3,497,819
8634257979,1300402,4000,4000,4000,36 months,19.03%,146.69,E,E2,841,652
8305119067,1279867,4000,4000,4000,36 months,12.69%,134.18,B,B5,783,592
8979299890,1257917,10500,10500,10500,36 months,6.03%,319.58,A,A1,563,648
9587688356,1291243,5500,5500,5500,36 months,7.90%,172.1,A,A4,848,536
9715652274,1300569,7350,7350,7350,36 months,11.71%,243.11,B,B3,727,702
8835536202,1300594,10000,10000,10000,36 months,12.42%,334.16,B,B4,385,580
8046128056,1287799,12000,12000,12000,36 months,7.51%,373.33,A,A3,658,597
7910288088,1300556,5000,5000,5000,60 months,11.71%,110.5,B,B3,642,592
9287165712,1292817,8000,8000,8000,60 months,11.71%,176.79,B,B3,354,693
9428411289,1194336,4500,4500,4500,36 months,8.90%,142.89,A,A5,360,622
9620157978,1300547,18000,18000,17975,36 months,12.42%,601.48,B,B4,416,670
8086335611,1300526,12300,12300,12300,60 months,13.49%,282.96,C,C1,755,666
9133501644,1300340,12000,12000,12000,36 months,13.49%,407.17,C,C1,367,531
8981334875,1300323,10000,10000,10000,36 months,13.49%,339.31,C,C1,624,510
9520349747,1300296,6000,6000,6000,36 months,7.90%,187.75,A,A4,441,595
8909366343,1300523,12000,12000,12000,36 months,12.69%,402.54,B,B5,479,557
9750330940,1300514,12000,12000,12000,36 months,8.90%,381.04,A,A5,607,517
9671324871,1270530,7000,7000,7000,36 months,11.71%,231.54,B,B3,849,642
9173132739,1277661,35000,26825,26800,60 months,18.64%,690.56,E,E1,344,489
8494920927,1299269,1400,1400,1400,36 months,7.90%,43.81,A,A4,780,580
7908548125,1296011,16000,16000,16000,60 months,13.49%,368.08,C,C1,759,577
8521768128,1300077,3200,3200,3200,36 months,9.91%,103.12,B,B1,597,577
8264958281,1300082,8000,8000,8000,36 months,7.90%,250.33,A,A4,465,620
8379661082,1300264,11875,11875,11875,60 months,12.69%,268.32,B,B5,320,665
9295936038,1300233,5000,5000,5000,36 months,6.03%,152.18,A,A1,845,596
8509399532,1300229,1800,1800,1800,36 months,6.62%,55.27,A,A2,836,609
9326382215,1300036,35000,35000,35000,36 months,8.90%,1111.37,A,A5,340,748
9067037402,1300209,18000,18000,17950,36 months,8.90%,571.56,A,A5,680,742
9425477213,1300216,14000,14000,14000,36 months,7.90%,438.07,A,A4,581,526
8663875862,1294147,5000,5000,5000,36 months,12.42%,167.08,B,B4,516,692
7956433402,1292952,8000,8000,8000,36 months,15.96%,281.1,C,C5,415,620
8154245668,1300203,10000,10000,10000,36 months,6.03%,304.36,A,A1,330,605
8571197032,1300001,10000,10000,9975,36 months,7.51%,311.11,A,A3,689,526
9876861057,1300000,12000,12000,12000,36 months,12.42%,400.99,B,B4,759,508
9509935812,1299989,23200,23200,23175,36 months,7.90%,725.94,A,A4,393,590
9540904489,1299228,18000,18000,17975,60 months,15.27%,430.78,C,C4,644,619
8489356860,1294318,4800,4800,4800,36 months,15.27%,167.03,C,C4,883,566
9317978199,1299977,7300,7300,7300,36 months,11.71%,241.46,B,B3,666,636
9694786584,1300151,10400,10400,10400,36 months,9.91%,335.14,B,B1,341,522
8767893335,1280767,6600,6600,6600,36 months,9.91%,212.69,B,B1,590,784
8486294772,1300149,12000,12000,12000,36 months,8.90%,381.04,A,A5,863,623
8864825497,1300128,13250,13250,13250,36 months,17.27%,474.19,D,D3,755,495
9133444429,1293926,12000,12000,12000,36 months,11.71%,396.92,B,B3,325,719
9648765908,1299871,25000,25000,25000,36 months,9.91%,805.63,B,B1,365,696
9626524365,1295634,6000,6000,6000,36 months,10.65%,195.44,B,B2,611,577
9540809217,1299858,12000,12000,12000,36 months,7.51%,373.33,A,A3,373,720
9473172027,1293268,14400,14400,14400,36 months,11.71%,476.3,B,B3,700,509
8653463842,1299839,10000,10000,10000,36 months,12.42%,334.16,B,B4,579,542
8735431228,1299834,8000,8000,8000,36 months,11.71%,264.61,B,B3,730,519
8945890478,1298879,8000,8000,8000,36 months,16.29%,282.41,D,D1,532,554
8227982295,1288555,30000,30000,28673.79652,60 months,12.42%,673.72,B,B4,352,571
8489445353,1299629,18000,18000,18000,60 months,16.77%,445.13,D,D2,316,725
9339868245,1299812,13250,13250,13250,36 months,11.71%,438.26,B,B3,693,508
8354896279,1299792,14000,14000,14000,36 months,14.27%,480.33,C,C2,705,677
8173474259,1293410,20000,20000,19975,60 months,20.30%,533.23,E,E5,435,542
9174527473,1299597,10000,10000,10000,36 months,16.29%,353.01,D,D1,539,700
8728777066,1293700,35000,23250,23200,60 months,20.30%,619.88,E,E5,536,551
8354063407,1299772,4000,4000,4000,36 months,6.03%,121.75,A,A1,365,549
8918120953,1299774,13000,13000,13000,36 months,9.91%,418.93,B,B1,351,498
9875925021,1299593,28000,28000,28000,36 months,12.69%,939.26,B,B5,665,502
8161556403,1299768,10000,10000,10000,36 months,13.49%,339.31,C,C1,354,591
9823766103,1299549,20000,20000,20000,36 months,7.90%,625.81,A,A4,652,743
9481209726,1299579,18000,18000,17950,36 months,9.91%,580.05,B,B1,869,601
9069909722,1299576,9000,9000,9000,60 months,19.91%,238,E,E4,429,487
8883254184,1299755,25000,25000,24975,60 months,18.64%,643.58,E,E1,724,633
9805800687,1299526,10000,10000,10000,36 months,11.71%,330.76,B,B3,409,558
8146419733,1291082,4200,4200,4200,36 months,6.03%,127.83,A,A1,462,612
9250949567,1296692,20000,20000,19975,60 months,15.27%,478.64,C,C4,313,482
9110066275,1294261,18000,18000,17975,60 months,17.27%,449.97,D,D3,774,506
9787527093,1299469,24000,24000,24000,36 months,16.29%,847.21,D,D1,465,452
9569504202,1299463,4475,4475,4475,36 months,15.27%,155.72,C,C4,553,710
8909416281,1299434,20000,20000,19950,60 months,14.65%,472.14,C,C3,344,578
9073963220,1299450,12000,12000,12000,36 months,12.42%,400.99,B,B4,467,582
8599037414,1290516,18000,18000,18000,60 months,17.58%,452.98,D,D4,319,705
8459065365,1299443,5000,5000,5000,36 months,12.42%,167.08,B,B4,688,514
9773047782,1107021,3000,3000,3000,36 months,6.03%,91.31,A,A1,464,734
8043404063,1299224,25000,25000,24975,60 months,19.03%,648.93,E,E2,380,615
9596390652,1299408,18000,18000,18000,60 months,19.03%,467.23,E,E2,408,566
7938263186,1299388,12000,12000,12000,36 months,9.91%,386.7,B,B1,738,565
8814837169,1299041,20000,20000,20000,36 months,15.27%,695.96,C,C4,531,550
9398962943,1299382,10000,10000,10000,36 months,13.49%,339.31,C,C1,324,495
8492287953,1298955,15000,15000,15000,36 months,12.42%,501.23,B,B4,329,610
9737009175,1298728,12000,12000,12000,36 months,7.90%,375.49,A,A4,672,614
8393314559,1200058,20000,13475,13041.47044,60 months,10.65%,290.64,B,B2,422,595
9718276680,1299343,6300,6300,6300,36 months,11.71%,208.38,B,B3,554,563
9032229224,1291550,20000,20000,18626.34674,60 months,16.77%,494.59,D,D2,634,716
7972494262,1299187,35000,23150,21739.74813,60 months,17.27%,578.71,D,D3,460,669
9111415256,1279118,8250,8250,8086.748004,60 months,15.96%,200.45,C,C5,587,563
8370220579,1299181,20000,20000,18847.37306,60 months,12.69%,451.9,B,B5,767,537
8222594372,1299180,10000,10000,10000,36 months,11.71%,330.76,B,B3,648,582
8921787088,1299335,24000,24000,24000,36 months,8.90%,762.08,A,A5,398,636
9064121209,1298920,14400,14400,14400,36 months,12.69%,483.05,B,B5,609,566
8912211613,1299321,6000,6000,6000,36 months,14.65%,206.97,C,C3,801,498
8897337222,1298813,22000,22000,21975,36 months,15.96%,773.03,C,C5,766,510
9057167917,1291228,12000,12000,12000,36 months,11.71%,396.92,B,B3,701,446
9758921712,1262529,16000,16000,16000,36 months,16.77%,568.62,D,D2,698,547
8556015061,1299108,10000,10000,10000,36 months,10.65%,325.74,B,B2,879,586
9787617620,1299015,16000,11625,11368.73446,60 months,19.03%,301.76,E,E2,572,619
8237531668,1299063,10000,10000,10000,36 months,12.69%,335.45,B,B5,476,602
9106415207,1299065,3500,3500,3500,36 months,13.49%,118.76,C,C1,331,678
9423174914,1299060,9600,9600,9600,36 months,9.91%,309.36,B,B1,368,555
8377817039,1298873,9875,9875,9875,36 months,7.90%,309,A,A4,795,549
9504917180,1298869,21500,16975,15953.42639,60 months,17.58%,427.19,D,D4,611,534
8947673014,1298975,4800,4800,4800,36 months,7.90%,150.2,A,A4,802,605
9092523683,1298993,7800,7800,7800,36 months,6.03%,237.4,A,A1,384,532
8263027426,1298984,20000,20000,20000,36 months,14.27%,686.18,C,C2,631,648
8379988189,1294105,9750,9750,9750,36 months,7.51%,303.34,A,A3,575,597
7917057747,1298830,18000,15050,14773.45751,60 months,15.96%,365.67,C,C5,551,536
9078993202,1298978,5000,5000,5000,36 months,6.03%,152.18,A,A1,594,624
7929748831,1298959,9000,9000,9000,36 months,14.65%,310.45,C,C3,515,560
8059354442,1290932,7200,7200,7175,36 months,7.90%,225.29,A,A4,510,581
8354269268,1298948,3000,3000,3000,60 months,19.03%,77.88,E,E2,613,605
8545159042,1298795,25000,25000,23505.29384,60 months,19.42%,654.31,E,E3,465,589
8833643939,1291917,25000,25000,25000,36 months,15.27%,869.95,C,C4,439,655
7941414897,1298775,10000,10000,10000,36 months,15.96%,351.38,C,C5,841,521
7949092576,1298762,8875,8875,8875,36 months,12.69%,297.72,B,B5,444,526
8655942048,1272939,15550,15550,15525,36 months,11.71%,514.34,B,B3,875,607
7926134002,1298709,17000,17000,16060.11069,60 months,15.27%,406.85,C,C4,755,684
7974688386,1298745,7500,7500,7475,36 months,12.69%,251.59,B,B5,578,612
9800929344,1262430,8875,8875,8875,36 months,8.90%,281.81,A,A5,529,560
8908620149,1298673,4500,4500,4500,36 months,17.27%,161.05,D,D3,684,629
8434405540,1298511,5800,5800,5800,36 months,12.42%,193.81,B,B4,820,669
9730467318,1298181,10000,10000,10000,36 months,11.71%,330.76,B,B3,598,612
8802532585,1298502,10000,10000,10000,36 months,9.91%,322.25,B,B1,746,749
9675941619,1298492,14000,14000,14000,36 months,11.71%,463.07,B,B3,526,574
8568809189,1298460,25000,25000,23176.93361,60 months,19.03%,648.93,E,E2,539,587
9110360314,1298456,12000,12000,12000,36 months,8.90%,381.04,A,A5,465,684
8390567346,1298641,24000,24000,23975,36 months,7.90%,750.97,A,A4,634,549
9119267239,1298453,14000,14000,14000,36 months,14.27%,480.33,C,C2,881,596
8993454800,1298624,12000,12000,11975,36 months,8.90%,381.04,A,A5,397,633
8386762047,1288419,15000,15000,14224.10774,60 months,12.69%,338.93,B,B5,353,540
9407243175,1298613,8050,8050,8050,36 months,12.69%,270.04,B,B5,820,646
8801905448,1298440,5600,5600,5600,36 months,10.65%,182.42,B,B2,611,671
9339145630,1298623,7500,7500,7500,36 months,9.91%,241.69,B,B1,731,656
9563033638,1294981,7000,7000,7000,36 months,11.71%,231.54,B,B3,750,668
8664608134,1298611,5400,5400,5400,36 months,7.90%,168.97,A,A4,394,587
9438959282,1298604,16000,16000,16000,36 months,12.42%,534.65,B,B4,521,525
7898912701,1285367,35000,27575,26043.43249,60 months,12.42%,619.26,B,B4,730,517
9435801001,1298422,6000,6000,6000,60 months,7.90%,121.38,A,A4,389,630
9372649144,1298401,4125,4125,4125,60 months,12.69%,93.21,B,B5,389,519
9097757228,1298584,9800,9800,9800,36 months,16.29%,345.95,D,D1,664,548
9343056542,1298397,15700,15700,14931.3097,60 months,18.25%,400.82,D,D5,477,476
8851321471,1298574,5000,5000,5000,36 months,6.62%,153.52,A,A2,815,509
8886833102,1298274,9900,9900,9900,36 months,11.71%,327.46,B,B3,779,575
8360617831,1298394,4000,4000,4000,36 months,11.71%,132.31,B,B3,479,649
8434943693,1298391,15000,15000,15000,36 months,11.71%,496.14,B,B3,813,548
9278461130,1277556,6250,6250,6250,36 months,15.96%,219.61,C,C5,780,540
9525797696,1258545,6400,6400,6400,36 months,16.29%,225.93,D,D1,665,755
9198909675,1298549,8850,8850,8850,60 months,13.49%,203.6,C,C1,369,554
8366164058,1298378,12000,12000,12000,36 months,15.27%,417.58,C,C4,343,553
8891168194,1298518,15000,15000,14975,36 months,8.90%,476.3,A,A5,677,697
8636283198,1296478,6500,6500,6500,36 months,14.27%,223.01,C,C2,331,713
9763702352,1289361,8000,8000,8000,36 months,15.96%,281.1,C,C5,476,644
8423379040,1283533,30000,19825,18614.46557,60 months,21.28%,539.47,F,F2,760,734
8347267996,1298326,15000,15000,15000,36 months,14.65%,517.42,C,C3,835,619
8301032440,1298320,10200,10200,10200,36 months,14.27%,349.96,C,C2,312,599
8660261090,1298287,9000,9000,9000,36 months,12.42%,300.74,B,B4,888,649
9238886170,1292126,6500,6500,6500,36 months,16.29%,229.46,D,D1,560,660
9476634401,1298261,23000,23000,23000,60 months,21.28%,625.86,F,F2,547,506
9113483620,1298262,2000,2000,2000,36 months,7.90%,62.59,A,A4,882,564
9373548422,1298080,8000,8000,8000,36 months,13.49%,271.45,C,C1,867,643
9057475405,1295580,8875,8875,8875,36 months,7.51%,276.11,A,A3,300,661
9709609748,1298041,1500,1500,1500,36 months,18.64%,54.72,E,E1,838,575
8463616011,1298209,8000,8000,8000,36 months,12.42%,267.33,B,B4,328,699
8210539330,1265435,20000,16925,11925,60 months,14.65%,399.55,C,C3,798,480
9240587315,1296243,6500,6500,6500,36 months,11.71%,215,B,B3,341,544
9468889972,1291568,9600,9600,9600,36 months,13.49%,325.74,C,C1,395,645
9028150661,1298184,25975,16475,15252.50679,60 months,12.69%,372.25,B,B5,315,461
8903840210,1287372,10000,10000,10000,36 months,7.90%,312.91,A,A4,440,629
9036451286,1298006,15000,15000,15000,36 months,12.42%,501.23,B,B4,792,522
8723673238,1297995,9000,9000,9000,36 months,6.62%,276.34,A,A2,533,562
9309091194,1297994,10000,10000,10000,36 months,7.90%,312.91,A,A4,494,626
8031292664,1298164,1000,1000,1000,36 months,14.65%,34.5,C,C3,804,665
8949881341,1298000,14000,14000,14000,36 months,7.90%,438.07,A,A4,714,623
8072570084,1298144,8500,8500,8500,36 months,14.27%,291.63,C,C2,311,712
9831289862,1288418,15000,15000,14248.30682,60 months,19.03%,389.36,E,E2,424,670
9184582517,1298139,4500,4500,4500,36 months,15.96%,158.12,C,C5,840,564
8246562660,1297966,3000,3000,3000,36 months,7.51%,93.34,A,A3,892,541
8031466011,1268159,10000,10000,10000,36 months,9.91%,322.25,B,B1,540,758
8234724733,1298118,21250,21250,21225,60 months,16.77%,525.5,D,D2,521,582
9450587842,1258841,33425,20675,19010.82122,60 months,13.49%,475.63,C,C1,502,630
9696194288,1288798,35000,35000,32763.0552,60 months,19.42%,916.03,E,E3,350,634
9736277660,1298120,7200,7200,7200,36 months,15.27%,250.55,C,C4,766,493
8319027205,1297930,18000,18000,17836.5806,60 months,11.71%,397.77,B,B3,685,763
9210460331,1268179,23000,23000,23000,36 months,7.90%,719.68,A,A4,823,640
7954622735,1298122,20000,20000,19523.20774,60 months,16.77%,494.59,D,D2,464,542
9460823712,1296684,6000,6000,6000,60 months,17.58%,151,D,D4,337,610
9420739820,1296072,7000,7000,7000,36 months,8.90%,222.28,A,A5,381,613
9465774996,1296094,21000,21000,20975,36 months,12.69%,704.45,B,B5,539,549
9394981980,1296491,8250,8250,8250,36 months,7.51%,256.67,A,A3,398,602
8032749082,1296671,13000,13000,13000,36 months,9.91%,418.93,B,B1,544,622
9250709486,1296470,18000,18000,18000,36 months,6.62%,552.67,A,A2,620,500
8007633473,1296648,7200,7200,7175,36 months,6.03%,219.14,A,A1,598,645
9094835112,1296451,16500,16500,16500,36 months,8.90%,523.93,A,A5,820,479
8285150568,1273136,8125,8125,8125,36 months,7.90%,254.24,A,A4,764,675
8307716703,1296438,18800,18800,18750,36 months,7.51%,584.89,A,A3,773,546
8994886710,1296635,26800,26800,26800,36 months,19.03%,982.79,E,E2,371,523
8797049912,1296419,19200,19200,19200,36 months,7.90%,600.78,A,A4,408,627
8532321385,1294709,12875,8475,8184.32018,60 months,17.58%,213.28,D,D4,677,567
9043930785,1293876,4000,4000,4000,36 months,12.42%,133.67,B,B4,576,635
8188641583,1282549,4000,4000,4000,36 months,16.29%,141.21,D,D1,739,582
8430546228,1296397,12000,12000,12000,36 months,9.91%,386.7,B,B1,803,504
9469939140,1296581,2625,2625,2625,36 months,11.71%,86.83,B,B3,819,655
8415364771,1296299,18000,18000,17387.67974,60 months,13.49%,414.09,C,C1,372,593
9328663734,1294499,7000,7000,7000,36 months,9.91%,225.58,B,B1,772,681
8012217253,1294119,11300,11300,11300,36 months,12.69%,379.06,B,B5,320,621
9494382989,1296535,4000,4000,4000,36 months,9.91%,128.9,B,B1,653,627
7987981317,1296372,8000,8000,8000,36 months,6.03%,243.49,A,A1,352,578
8672147415,1296522,14400,14400,14400,36 months,18.25%,522.41,D,D5,753,540
9566592282,1296554,4375,4375,4375,36 months,12.42%,146.2,B,B4,822,644
9080402786,1296543,4100,4100,4100,36 months,7.51%,127.56,A,A3,759,638
9347209511,1296352,6000,6000,6000,36 months,8.90%,190.52,A,A5,453,457
8589055077,1296355,4200,4200,4200,60 months,17.27%,105,D,D3,760,625
8687518242,1296051,4000,4000,4000,36 months,6.62%,122.82,A,A2,368,600
8219018988,1296348,3000,3000,3000,36 months,10.65%,97.72,B,B2,790,604
8046986394,1289131,5400,5400,5400,36 months,12.69%,181.15,B,B5,527,698
8146129796,1296342,15000,15000,15000,36 months,16.29%,529.51,D,D1,320,642
8375134197,1294695,20000,20000,19523.42192,60 months,18.64%,514.86,E,E1,598,504
7957464091,1272109,10400,10400,10400,36 months,12.69%,348.87,B,B5,326,657
8764838424,1296086,4500,4500,4500,60 months,17.58%,113.25,D,D4,367,654
9161600981,1296083,11500,11500,11500,36 months,12.42%,384.28,B,B4,721,587
9739231800,943135,10000,10000,9975,36 months,6.62%,307.04,A,A2,756,584
9350473664,1296087,18225,13450,13425,60 months,13.49%,309.42,C,C1,714,750
7899863495,1288586,3600,3600,3600,36 months,8.90%,114.32,A,A5,879,651
8952589866,1208718,18500,13250,13250,60 months,11.71%,292.81,B,B3,532,564
9024632104,1296075,16800,16800,16775,60 months,18.25%,428.9,D,D5,737,683
7964106716,1296259,10000,10000,10000,36 months,17.27%,357.88,D,D3,300,572
8859343221,1296266,15000,15000,15000,36 months,18.25%,544.17,D,D5,387,577
9639970885,1288490,8000,8000,8000,36 months,11.71%,264.61,B,B3,839,580
9786279106,1295751,25000,17950,17925,60 months,16.77%,443.89,D,D2,893,521
9389272803,1288982,16000,16000,16000,36 months,7.90%,500.65,A,A4,332,533
9885913749,1296245,8000,8000,8000,36 months,10.65%,260.59,B,B2,631,652
9063218088,1296244,7200,7200,7200,36 months,7.51%,224,A,A3,604,658
8050748808,1295527,12000,12000,12000,36 months,7.51%,373.33,A,A3,591,690
9238476068,1296012,2200,2200,2200,36 months,15.27%,76.56,C,C4,584,608
8579213845,1295991,20000,20000,19975,60 months,12.69%,451.9,B,B5,821,608
9160880214,1292769,28000,28000,28000,60 months,12.42%,628.81,B,B4,471,679
9536316122,1257143,6000,6000,6000,36 months,7.51%,186.67,A,A3,873,703
9079238351,1296216,25000,25000,24975,60 months,19.42%,654.31,E,E3,580,606
8661074920,1295979,8000,8000,8000,60 months,8.90%,165.68,A,A5,835,720
9821086101,1295334,14400,14400,14400,36 months,15.27%,501.09,C,C4,787,610
8037448349,1294556,20000,13700,13675,60 months,19.03%,355.62,E,E2,633,537
9022097807,1296185,25000,19950,19925,60 months,14.27%,467,C,C2,374,601
9119812125,1295960,14050,14050,14050,36 months,8.90%,446.14,A,A5,688,563
8937589278,1296167,6000,6000,6000,36 months,13.49%,203.59,C,C1,708,567
7981895461,1296158,16100,16100,16075,60 months,11.71%,355.79,B,B3,434,593
8166238508,1295948,35000,23250,23225,60 months,20.30%,619.88,E,E5,675,528
9393969926,1295942,10525,10525,10525,36 months,7.90%,329.33,A,A4,827,696
9446259314,1296138,7200,7200,7200,36 months,15.96%,252.99,C,C5,433,544
8634506982,1212630,18500,15775,15775,60 months,10.65%,340.24,B,B2,781,572
9095759057,1296115,12000,12000,12000,36 months,13.49%,407.17,C,C1,623,639
8335393702,1295626,12000,12000,12000,36 months,11.71%,396.92,B,B3,879,667
9277358725,1295786,3000,3000,3000,36 months,11.71%,99.23,B,B3,731,550
9248140408,1289523,9500,9500,9500,36 months,16.29%,335.36,D,D1,650,551
8737720780,1291803,19775,19775,19775,36 months,12.42%,660.79,B,B4,468,643
7991655161,1291351,12000,12000,11975,60 months,14.65%,283.28,C,C3,491,740
9079571760,1294447,28000,28000,26968.31346,60 months,14.27%,655.44,C,C2,739,753
9098262149,1284748,30000,30000,30000,36 months,12.42%,1002.46,B,B4,418,688
9556219624,1295599,16000,16000,16000,36 months,10.65%,521.18,B,B2,894,433
9343607824,1295743,14500,14500,14500,36 months,14.65%,500.17,C,C3,493,721
8837484113,1293888,11700,11700,11675,60 months,14.65%,276.2,C,C3,890,544
9258455283,1295731,4150,4150,4150,36 months,10.65%,135.18,B,B2,595,653
8052089597,1269948,15000,15000,14975,60 months,11.71%,331.48,B,B3,783,609
7950868756,1295491,24000,24000,24000,36 months,16.77%,852.93,D,D2,606,537
8839410692,1295567,21250,21250,21250,36 months,12.42%,710.08,B,B4,620,561
9227681350,1295557,10000,10000,10000,36 months,14.27%,343.09,C,C2,618,595
8914652108,1295495,25000,25000,24975,60 months,18.25%,638.25,D,D5,405,750
8288631403,1295480,4000,4000,4000,36 months,15.96%,140.55,C,C5,456,457
8590061267,1295533,15000,15000,15000,36 months,11.71%,496.14,B,B3,393,670
8920770023,1295111,20000,20000,19975,60 months,13.49%,460.1,C,C1,364,529
8882397476,1295416,15000,15000,14975,60 months,17.58%,377.49,D,D4,541,517
9504573919,1295092,3600,3600,3600,36 months,15.96%,126.5,C,C5,487,635
9763053328,1295090,6000,6000,6000,60 months,19.03%,155.75,E,E2,470,656
8511458420,1295086,15000,15000,15000,36 months,15.27%,521.97,C,C4,408,648
9014841255,1293329,12000,12000,11975,60 months,18.25%,306.36,D,D5,677,591
8887665445,1294683,12375,12375,12375,36 months,7.51%,385,A,A3,332,677
8732071688,1295405,4000,4000,4000,36 months,12.69%,134.18,B,B5,364,688
8228296795,1295070,13000,13000,13000,36 months,10.65%,423.46,B,B2,336,510
7926677742,1293535,5000,5000,5000,36 months,6.62%,153.52,A,A2,729,728
9752355297,1265811,5000,5000,5000,36 months,15.96%,175.69,C,C5,853,614
8880129592,1295377,26000,26000,25975,36 months,11.71%,859.98,B,B3,897,458
8892662261,1295378,15000,15000,15000,60 months,18.64%,386.15,E,E1,626,713
8007543570,1295062,4000,4000,4000,60 months,19.91%,105.78,E,E4,543,553
8557861618,1293809,8000,8000,8000,36 months,7.90%,250.33,A,A4,609,560
9302284444,1295380,1700,1700,1700,36 months,7.90%,53.2,A,A4,329,610
8181634910,1295337,16000,16000,16000,36 months,9.91%,515.6,B,B1,668,691
9001715680,1291460,20000,20000,20000,60 months,9.91%,424.06,B,B1,556,698
8694879148,1291111,12000,12000,12000,36 months,14.65%,413.94,C,C3,857,648
8955298854,1295369,7000,7000,7000,36 months,11.71%,231.54,B,B3,317,520
8888342905,1295329,8000,8000,8000,60 months,20.30%,213.29,E,E5,595,579
8045373102,1271501,13000,13000,13000,60 months,23.52%,370.38,G,G3,476,588
9458557787,1295322,13000,13000,13000,36 months,16.29%,458.91,D,D1,640,578
9466130791,1295039,20000,20000,19975,60 months,21.28%,544.23,F,F2,427,524
9468252399,1295353,18000,18000,18000,36 months,13.49%,610.75,C,C1,663,751
8281101058,1295340,10000,10000,10000,36 months,16.29%,353.01,D,D1,497,663
9543777920,1295022,22250,22250,22200,60 months,15.27%,532.49,C,C4,877,512
7928064263,1295344,24000,24000,23975,60 months,17.58%,603.98,D,D4,456,578
9380518937,1295018,11200,11200,11200,36 months,12.42%,374.26,B,B4,554,613
8705324464,1283491,7000,7000,7000,36 months,10.65%,228.02,B,B2,800,561
9066754643,1290157,8000,8000,8000,36 months,6.03%,243.49,A,A1,821,464
9217622068,1294454,22500,22500,22475,60 months,16.77%,556.41,D,D2,439,586
8484405865,1294110,12000,12000,12000,36 months,17.27%,429.45,D,D3,449,668
9329857695,1294669,22000,22000,22000,36 months,14.65%,758.88,C,C3,394,604
8490464618,1294487,6200,6200,6200,36 months,10.65%,201.96,B,B2,822,708
8165930817,1293165,15900,15900,15900,36 months,9.91%,512.38,B,B1,731,505
9600733104,1294654,5000,5000,5000,36 months,8.90%,158.77,A,A5,751,608
9279798534,1252167,16000,16000,16000,36 months,6.62%,491.26,A,A2,333,487
8217803290,1294929,5000,5000,5000,36 months,11.71%,165.38,B,B3,348,666
9783564102,1280475,3150,3150,3150,36 months,15.27%,109.62,C,C4,838,577
8648594946,1294623,12000,12000,12000,36 months,14.27%,411.71,C,C2,323,629
9852310165,1294478,28000,28000,28000,36 months,7.90%,876.13,A,A4,341,645
8607188263,1294917,5000,5000,5000,36 months,12.42%,167.08,B,B4,325,527
7923392307,1294602,3000,3000,3000,36 months,9.91%,96.68,B,B1,535,690
8580888615,1294599,3000,3000,3000,36 months,7.90%,93.88,A,A4,681,574
9774863321,966880,8400,8400,8400,36 months,6.62%,257.92,A,A2,320,546
9682659608,1260896,7000,7000,7000,36 months,10.65%,228.02,B,B2,858,585
8615258122,1294485,18550,11600,11575,60 months,19.42%,303.6,E,E3,699,710
7967746419,1294575,2000,2000,2000,36 months,9.91%,64.45,B,B1,683,566
7919437188,1294574,12000,9600,9600,60 months,14.65%,226.63,C,C3,335,677
8959409274,1266720,8575,8575,8575,36 months,17.58%,308.21,D,D4,764,547
8408651381,1294543,28000,18625,18600,60 months,12.42%,418.27,B,B4,618,656
9784684169,1287544,10000,10000,10000,36 months,7.90%,312.91,A,A4,698,617
7930791608,1294525,25000,25000,25000,36 months,19.42%,921.72,E,E3,878,565
8135455065,1294524,8000,8000,8000,36 months,11.71%,264.61,B,B3,535,584
9786723752,1294520,16000,16000,15975,60 months,18.25%,408.48,D,D5,842,504
9188170831,1292723,25000,25000,24975,36 months,11.71%,826.9,B,B3,728,635
9858558455,1294433,2000,2000,2000,36 months,9.91%,64.45,B,B1,812,488
8055395191,1293579,16800,16800,16800,36 months,14.65%,579.51,C,C3,731,685
9006817331,1294281,8000,8000,8000,36 months,8.90%,254.03,A,A5,473,703
8310958553,1294276,12000,12000,12000,60 months,12.69%,271.14,B,B5,420,657
8820496119,1294396,11000,11000,11000,36 months,7.90%,344.2,A,A4,587,655
7943687980,1294277,5000,5000,5000,36 months,16.29%,176.51,D,D1,372,659
8778322701,1292541,18000,18000,18000,36 months,16.29%,635.41,D,D1,460,571
9418519654,1294263,10000,10000,10000,36 months,12.69%,335.45,B,B5,643,630
9693677798,1289015,5000,5000,5000,36 months,9.91%,161.13,B,B1,492,452
7995457336,1294029,10000,10000,10000,36 months,16.29%,353.01,D,D1,829,555
9300422946,1294356,25000,25000,25000,36 months,9.91%,805.63,B,B1,535,654
9195348098,1294244,2400,2400,2400,36 months,12.69%,80.51,B,B5,785,561
9158066389,1260966,3000,3000,3000,36 months,16.29%,105.91,D,D1,630,583
9711649757,1294324,7700,7700,7700,36 months,16.77%,273.65,D,D2,437,646
8354348862,1294219,2400,2400,2400,36 months,13.49%,81.44,C,C1,700,597
8935023516,1293201,5000,5000,5000,36 months,10.65%,162.87,B,B2,362,600
8767528728,1293730,14000,14000,14000,36 months,17.58%,503.19,D,D4,800,594
8356610576,1294204,24500,24500,24475,60 months,20.89%,661.3,F,F1,306,654
8727021083,1290298,2400,2400,2400,36 months,10.65%,78.18,B,B2,674,583
9878425008,1294209,1800,1800,1800,36 months,12.42%,60.15,B,B4,565,613
8257025030,1294315,22200,22200,22200,36 months,19.42%,818.49,E,E3,664,540
9320525660,1293213,21400,21400,21400,60 months,19.42%,560.09,E,E3,580,762
8337107405,1294107,13000,13000,13000,36 months,7.90%,406.78,A,A4,441,612
9416848990,1249642,8000,8000,8000,36 months,12.69%,268.36,B,B5,791,618